<?xml version="1.0" encoding="utf-8" ?>
<Defs>

	<QuestScriptDef>
    <defName>Beggars_DelayedReward</defName>
		<questNameRules>
		  <rulesStrings>
			<li>questName->Beggar delayed reward</li>
		  </rulesStrings>
		</questNameRules>
		<questDescriptionRules>
		  <rulesStrings>
			<li>questDescription->a delayed reward for beggar quest</li>
		  </rulesStrings>
		</questDescriptionRules>
		<questContentRules>
		  <rulesStrings>
			<li>rewardLetterLabel->Charity reward</li>
			<li>rewardLetterText->[rewardGiver_nameDef] has contacted you. [rewardDelayTicks_duration] ago, you helped [rewardGiver_objective] in desperate circumstances.\n\nSince then, [rewardGiver_pronoun] has gotten back on [rewardGiver_possessive] feet, and now [rewardGiver_pronoun] wants to reward you properly for your help. [rewardGiver_pronoun] is sending you the following via drop pod:\n\n[listOfRewards]</li>
		  </rulesStrings>
		</questContentRules>
		<defaultHidden>true</defaultHidden>
		<root Class="BetterBeggars.QuestNode_Root_Beggars_DelayedReward" />
  </QuestScriptDef>

</Defs>