<?xml version="1.0" encoding="utf-8" ?>
<Defs>
  
  <IncidentDef>
    <defName>GiveQuest_Beggars_WantThing_Vanilla</defName>
    <category>GiveQuest</category>
    <label>beggars arrive</label>
    <targetTags>
      <li>Map_PlayerHome</li>
    </targetTags>
    <letterLabel>beggars arrive</letterLabel>
    <questScriptDef>Beggars_WantThing_Vanilla</questScriptDef>
    <workerClass>IncidentWorker_GiveQuest</workerClass>
    <baseChance>0</baseChance> <!-- given by a special storyteller comp -->
    <requireColonistsPresent>True</requireColonistsPresent>
  </IncidentDef>
  
  <IncidentDef>
    <defName>GiveQuest_Beggars_WantThing_Drugs</defName>
    <category>GiveQuest</category>
    <label>beggars arrive</label>
    <targetTags>
      <li>Map_PlayerHome</li>
    </targetTags>
    <letterLabel>beggars arrive</letterLabel>
    <questScriptDef>Beggars_WantThing_Drugs</questScriptDef>
    <workerClass>IncidentWorker_GiveQuest</workerClass>
    <baseChance>0</baseChance> <!-- given by a special storyteller comp -->
    <requireColonistsPresent>True</requireColonistsPresent>
  </IncidentDef>
  
  <IncidentDef>
    <defName>GiveQuest_Beggars_Chased</defName>
    <category>GiveQuest</category>
    <label>beggars arrive</label>
    <targetTags>
      <li>Map_PlayerHome</li>
    </targetTags>
	<letterDef>ThreatBig</letterDef>
    <letterLabel>beggars arrive</letterLabel>
    <questScriptDef>Beggars_Chased</questScriptDef>
    <workerClass>IncidentWorker_GiveQuest</workerClass>
    <baseChance>1.0</baseChance>
    <minRefireDays>30</minRefireDays>
    <requireColonistsPresent>True</requireColonistsPresent>
  </IncidentDef>
</Defs>